<?xml version="1.0" encoding="UTF-8" ?>
<!DOCTYPE mapper
  PUBLIC "-//mybatis.org//DTD Mapper 3.0//EN"
  "https://mybatis.org/dtd/mybatis-3-mapper.dtd">
<mapper namespace="org.homey.mapper.FpReviewMapper">

<!-- 쿼리 보관 -->
  <sql id="criteria">
  	 <trim prefix="(" suffix=") AND " prefixOverrides="OR">
	 	<foreach item="type" collection="typeArr">
	 	  <trim prefix="OR">
	 		<choose>
	 			<when test="type == 'T'.toString()">
	 				prTitle LIKE '%'||#{keyword}||'%'
	 			</when>
	 			<when test="type == 'C'.toString()">
	 				prContent LIKE '%'||#{keyword}||'%'
	 			</when>
	 			<when test="type == 'W'.toString()">
	 				mid LIKE '%'||#{keyword}||'%'
	 			</when>
	 		</choose>
	 	  </trim>
	 	</foreach>
	 </trim>
  </sql>

<!-- 게시물 개수 -->
	<select id="totalCount" resultType="int">
		<![CDATA[
		SELECT COUNT(*) FROM fpReview
		WHERE ]]>
		<!-- 보관해 둔 쿼리 사용 -->
        <include refid="criteria"></include>
		<![CDATA[ prNo > 0 ]]>		<!-- 보관해둔 criteria쿼리에 AND가 들어있는데, 그걸 만족시키려면 조건이 하나 더 필요해서, 의미없는 조건 하나 덧붙인 것 -->
	</select>


<!-- 게시물 전체조회 -->
	<select id="selectAllPaging" resultType="org.homey.domain.FpReviewVO">
	  	<![CDATA[
	    	SELECT ((#{pageNum} - 1) * #{amount}) +  rownum as prRn, prNo, mid, fpNo, prTitle, prContent, prDate, prHit
	    	FROM	(	SELECT	rownum rn, prNo, mid, fpNo, prTitle, prContent, prDate, prHit
	    					FROM	( SELECT * FROM fpReview ORDER BY prNo DESC )
	    					WHERE	]]>
	    					<!-- 위에 보관해둔 쿼리 사용 -->
	    					<include refid="criteria"></include>
	    					<![CDATA[			
	    								rownum <= #{amount}	*	#{pageNum}		
	   						ORDER BY prNo DESC	
	  					 )
	    	WHERE		rn		>	#{amount}	*	(#{pageNum}	 -1	)
	  		]]>
	  </select>


<!-- 나의 게시물 전체조회 -->
	<select id="selectMine" resultType="org.homey.domain.FpReviewVO">
	    <![CDATA[ 
	    	SELECT ((#{socri.pageNum} - 1) * #{socri.amount}) + rownum prRn, prNo, mid, fpNo, prTitle, prContent, prDate, prHit
	    	FROM	(	SELECT	rownum rn, prNo, mid, fpNo, prTitle, prContent, prDate, prHit
	    					FROM	( SELECT * FROM fpReview WHERE mid = #{mid} ORDER BY prNo DESC )
	    					WHERE	]]>
	   <![CDATA[ 		rownum <= #{socri.amount}	*	#{socri.pageNum}
	   						ORDER BY prNo DESC		 )
	    	WHERE		rn		>	#{socri.amount}	*	(	#{socri.pageNum}	 -1	)
	  	]]>
	  </select>


<!-- 내가 쓴 리뷰 개수 -->
	<select id="mineCount" resultType="int">
		SELECT COUNT(*) FROM fpReview
		WHERE mid=#{mid}
	</select>
	

<!-- 조회 수 증가 -->
	<update id="updateHit">	
    	UPDATE fpReview
    	SET prHit = prHit + 1
    	WHERE prNo = #{prNo}
  	</update>

	<update id="update">	
    	UPDATE fpReview
    	SET prTitle = #{prTitle}, prContent = #{prContent}, prDate = SYSDATE
    	WHERE prNo = #{prNo}
  	</update>
	
	<delete id="delete">	
     DELETE FROM fpReview WHERE prNo = #{prNo}
  </delete>

	<insert id="insertSelectKey">	 <!-- id를 insert 에서 insertSelectKey로 변경함 -->
	<!-- PK값인 orNo를 미리 처리해서 orNo에 저장 -->
	<selectKey keyProperty="prNo" order="BEFORE" resultType="int">	<!-- order="before" : <insert>의 본 쿼리 실행 이전에 <selectKey> 쿼리 실행 -->
    	SELECT fpreview_seq.NEXTVAL FROM dual
  	</selectKey>
	
	<!-- 시퀀스 대신 저장해둔 bno를 사용 -->
     INSERT INTO fpReview(prNo, mid, fpNo, prTitle, prContent, prDate, prHit)
	 VALUES(#{prNo}, #{mid}, #{fpNo}, #{prTitle}, #{prContent}, SYSDATE, 0)
  </insert>


  <select id="select" resultType="org.homey.domain.FpReviewVO">
    SELECT * FROM fpReview WHERE prNo = #{prNo}
  </select>
  
  
<!-- 내가 쓴 리뷰가 이미 존재하는지 확인 -->
	<select id="searchMine" resultType="int">
		SELECT COUNT(*) FROM fpReview
		WHERE mid = #{mid} 
		AND fpNo = #{fpNo}
	</select>
  
  
  
</mapper>