<?xml version="1.0" encoding="UTF-8" ?>
<!DOCTYPE mapper
  PUBLIC "-//mybatis.org//DTD Mapper 3.0//EN"
  "https://mybatis.org/dtd/mybatis-3-mapper.dtd">
<mapper namespace="org.homey.mapper.ShowcaseAttachMapper">
  <delete id="delete">
	DELETE showcase_Attach WHERE uuid = #{uuid}
  </delete>
  
  <delete id="deleteAll">
	DELETE showcase_Attach WHERE scid = #{scid}
  </delete>
  
  <insert id="insert">
	INSERT INTO showcase_Attach(scid,uuid,upFolder,fileName,isThumbnail)
	VALUES(#{scid}, #{uuid}, #{upFolder}, #{fileName}, #{isThumbnail})  
  </insert>
  
  <select id="select"  resultType="org.homey.domain.ShowcaseAttachVO">
  SELECT * FROM showcase_Attach WHERE scid=#{scid}
  </select>
	
</mapper>



