<?xml version="1.0" encoding="UTF-8" ?>
<!DOCTYPE mapper
  PUBLIC "-//mybatis.org//DTD Mapper 3.0//EN"
  "https://mybatis.org/dtd/mybatis-3-mapper.dtd">
<mapper namespace="org.homey.mapper.FpReviewAttachMapper">
  
	<select id="yesterdayFiles" resultType="org.homey.domain.FpReviewAttachVO">
		SELECT * 
		FROM fpReviewAttach
		WHERE upFolder = to_char(sysdate-1, 'yyyy\MM\dd')
	</select>

	<insert id="insert">	
		INSERT INTO fpReviewAttach(prNo, uuid, upFolder, fileName, image)
		VALUES(#{prNo}, #{uuid}, #{upFolder}, #{fileName}, #{image})
	</insert>
	
  
	<delete id="delete">	
		DELETE FROM fpReviewAttach WHERE uuid = #{uuid}
	</delete>
  
<!-- prNo받아서 해당 prNo의 첨부파일을 전부 삭제하는 쿼리 -->
	<delete id="deleteAll">
		DELETE FROM fpReviewAttach WHERE prNo = #{prNo}
	</delete>
	

	<select id="select" resultType="org.homey.domain.FpReviewAttachVO">
		SELECT * FROM fpReviewAttach WHERE prNo = #{prNo}
	</select>  
  
</mapper>