<?xml version="1.0" encoding="UTF-8"?>
<beans xmlns="http://www.springframework.org/schema/beans"
	xmlns:xsi="http://www.w3.org/2001/XMLSchema-instance"
	xmlns:mybatis-spring="http://mybatis.org/schema/mybatis-spring"
	xmlns:context="http://www.springframework.org/schema/context"
	xmlns:task="http://www.springframework.org/schema/task"
	xmlns:tx="http://www.springframework.org/schema/tx"
	xmlns:aop="http://www.springframework.org/schema/aop"
	xsi:schemaLocation="http://mybatis.org/schema/mybatis-spring http://mybatis.org/schema/mybatis-spring-1.2.xsd
		http://www.springframework.org/schema/task http://www.springframework.org/schema/task/spring-task-4.3.xsd
		http://www.springframework.org/schema/beans https://www.springframework.org/schema/beans/spring-beans.xsd
		http://www.springframework.org/schema/context http://www.springframework.org/schema/context/spring-context-4.3.xsd
		http://www.springframework.org/schema/aop http://www.springframework.org/schema/aop/spring-aop-4.3.xsd
		http://www.springframework.org/schema/tx http://www.springframework.org/schema/tx/spring-tx-4.3.xsd">
	
	
	<bean id="mailSender" class="org.springframework.mail.javamail.JavaMailSenderImpl">
		<property name="host" value="smtp.gmail.com"/>
		<property name="port" value="587" />
		<property name="username" value="ssoyy0001" />
		<property name="password" value="fxnnczbraallzpdr" />
		<property name="defaultEncoding" value="utf-8" />
		<property name="javaMailProperties">
			<props>
				<prop key="mail.transport.protocol">smtp</prop>
				<prop key="mail.smtp.auth">true</prop>
				<prop key="mail.smtp.starttls.enable">true</prop>
				<prop key="mail.debug">true</prop>
				<prop key="mail.smtp.ssl.protocols">TLSv1.2</prop>
				<prop key="mail.smtp.ssl.trust">smtp.gmail.com</prop>
			</props>
		</property>
	</bean>
	
	
	<!-- Root Context: defines shared resources visible to all other web components -->
		<bean id="hikariConfig" class="com.zaxxer.hikari.HikariConfig">
<!-- 	<property name="driverClassName" value="oracle.jdbc.OracleDriver"/>	 -->
<!-- 	<property name="jdbcUrl" value="jdbc:oracle:thin:@localhost:1521:xe"/>	 -->
		<property name="driverClassName" 
			      value="net.sf.log4jdbc.sql.jdbcapi.DriverSpy"/>	
		<property name="jdbcUrl" 
				  value="jdbc:log4jdbc:oracle:thin:@localhost:1521:xe"/>	
		<property name="username" value="homey"/>	
		<property name="password" value="1111"/>	
	</bean>
	
	<!-- dataSource configuration -->
	<bean id="dataSource"
		  class="com.zaxxer.hikari.HikariDataSource"
		  destroy-method="close">
		<constructor-arg ref="hikariConfig"/>
	</bean>
	
	<!-- myBatis configuration -->
	<bean id="sqlSessionFactory" 
		  class="org.mybatis.spring.SqlSessionFactoryBean">
		<property name="dataSource" ref="dataSource"/>	
	</bean>
	
	<!-- transaction configuration -->
	<bean id="transactionManager"
		  class="org.springframework.jdbc.datasource.DataSourceTransactionManager">
		<property name="dataSource" ref="dataSource"/>
	</bean>
	<tx:annotation-driven/>
	
	
	<!-- myBatis mapper -->
	<mybatis-spring:scan base-package="org.homey.mapper"/>
	
	<context:component-scan base-package="org.homey.service"/>
	<context:component-scan base-package="org.homey.aop"/>
	<context:component-scan base-package="org.homey.task"/>
	<context:annotation-config/>
	<aop:aspectj-autoproxy/>
	<task:annotation-driven/>
</beans>
